k_0,k_1,dispersion,mean
49.38444588751604,28.705730276469115,28.62761501249094,49.45742904841402
