k_0,k_1,dispersion,mean
6331.831319767585,-1106.0195292708395,51565.1899106445,101066.25
